{"_type":"export","__export_format":4,"__export_date":"2022-06-04T14:44:34.926Z","__export_source":"insomnia.desktop.app:v2022.3.0","resources":[{"_id":"req_7d48ce6aab4d461faed1d9520d562f23","parentId":"fld_8a75b2ce218945b188c9e896c45781e5","modified":1654353111423,"created":1654346839276,"url":"{{ _.base_url }}/admin/roles","name":"list","description":"","method":"GET","body":{},"parameters":[{"id":"pair_c5c6e00998a347b0851046ea45e02dcd","name":"page","value":"1","description":""},{"id":"pair_617af7ea26f24fb990dd8029cfc943ba","name":"per_page","value":"10","description":""},{"id":"pair_7d2616a016164921887d266125dd6957","name":"","value":"","description":""}],"headers":[],"authentication":{"type":"bearer","token":"{{ _.token }}"},"metaSortKey":-1654346839276,"isPrivate":false,"settingStoreCookies":true,"settingSendCookies":true,"settingDisableRenderRequestBody":false,"settingEncodeUrl":true,"settingRebuildPath":true,"settingFollowRedirects":"global","_type":"request"},{"_id":"fld_8a75b2ce218945b188c9e896c45781e5","parentId":"fld_2edc4b0d57d84b41a4b82bdb1b1cf7db","modified":1654348961719,"created":1654346823696,"name":"roles","description":"","environment":{},"environmentPropertyOrder":null,"metaSortKey":-1654346823696,"_type":"request_group"},{"_id":"fld_2edc4b0d57d84b41a4b82bdb1b1cf7db","parentId":"wrk_ac19a4aed05f49bea8a9e801589a1d00","modified":1654348959736,"created":1654348959736,"name":"admin","description":"","environment":{},"environmentPropertyOrder":null,"metaSortKey":-1654348959736,"_type":"request_group"},{"_id":"wrk_ac19a4aed05f49bea8a9e801589a1d00","parentId":null,"modified":1633899467376,"created":1633899467376,"name":"base-acl-api","description":"","scope":"collection","_type":"workspace"},{"_id":"req_f6b97b8939f44789b2611f3f4877789c","parentId":"fld_8a75b2ce218945b188c9e896c45781e5","modified":1654353115116,"created":1654346907525,"url":"{{ _.base_url }}/admin/roles/ffc65155-4412-44d7-bce3-80187407293d","name":"get","description":"","method":"GET","body":{},"parameters":[],"headers":[],"authentication":{"type":"bearer","token":"{{ _.token }}"},"metaSortKey":-1653660307257.5,"isPrivate":false,"settingStoreCookies":true,"settingSendCookies":true,"settingDisableRenderRequestBody":false,"settingEncodeUrl":true,"settingRebuildPath":true,"settingFollowRedirects":"global","_type":"request"},{"_id":"req_d05e64bfd08940c8bbcc0ab00b9be345","parentId":"fld_2a2067e8108b4ab99ec7d02e83b587d0","modified":1654352619579,"created":1654347520894,"url":"{{ _.base_url }}/admin/users","name":"list","description":"","method":"GET","body":{},"parameters":[{"id":"pair_550e9a08955e43ee95caba17722b808b","name":"page","value":"1","description":""},{"id":"pair_2c6b867c931041118c617e5ab1aea790","name":"per_page","value":"10","description":""},{"id":"pair_194c3c676808451a9a77d52ce06419d0","name":"search","value":"","description":""}],"headers":[],"authentication":{"type":"bearer","token":"{{ _.token }}"},"metaSortKey":-1633899488302,"isPrivate":false,"settingStoreCookies":true,"settingSendCookies":true,"settingDisableRenderRequestBody":false,"settingEncodeUrl":true,"settingRebuildPath":true,"settingFollowRedirects":"global","_type":"request"},{"_id":"fld_2a2067e8108b4ab99ec7d02e83b587d0","parentId":"fld_2edc4b0d57d84b41a4b82bdb1b1cf7db","modified":1654348963516,"created":1633899479370,"name":"users","description":"","environment":{},"environmentPropertyOrder":null,"metaSortKey":-1654346823646,"_type":"request_group"},{"_id":"req_54fcaf9a4cad4662ae7fb7acb0a07c76","parentId":"fld_2a2067e8108b4ab99ec7d02e83b587d0","modified":1654352184754,"created":1654347525676,"url":"{{ _.base_url }}/admin/users/f3a4689a-eb9e-4f4b-98c8-95d282a9edf8","name":"get","description":"","method":"GET","body":{},"parameters":[],"headers":[],"authentication":{"type":"bearer","token":"{{ _.token }}"},"metaSortKey":-1633899488252,"isPrivate":false,"settingStoreCookies":true,"settingSendCookies":true,"settingDisableRenderRequestBody":false,"settingEncodeUrl":true,"settingRebuildPath":true,"settingFollowRedirects":"global","_type":"request"},{"_id":"req_ed8022f9749041728a4d39517217a4b5","parentId":"fld_2a2067e8108b4ab99ec7d02e83b587d0","modified":1654353772940,"created":1633899488202,"url":"{{ _.base_url }}/admin/users","name":"store","description":"","method":"POST","body":{"mimeType":"application/json","text":"{\n\t\"first_name\": \"Rafael\",\n\t\"last_name\": \"Maia\",\n\t\"email\": \"rafael.maia@acl.com\",\n\t\"username\": \"rafael.maia\",\n\t\"password\": \"123456\",\n\t\"password_confirmation\": \"123456\",\n\t\"roles\": [\n\t\t\"a1f347ff-2a17-42cb-8bc9-94693258a412\"\n\t]\n}"},"parameters":[],"headers":[{"name":"Content-Type","value":"application/json","id":"pair_83224ed930db46fd9e6ca5a0c4d7bced"}],"authentication":{"type":"bearer","token":"{{ _.token }}"},"metaSortKey":-1633899488202,"isPrivate":false,"settingStoreCookies":true,"settingSendCookies":true,"settingDisableRenderRequestBody":false,"settingEncodeUrl":true,"settingRebuildPath":true,"settingFollowRedirects":"global","_type":"request"},{"_id":"req_e711131da0fd4a169a68735f92df2bf7","parentId":"fld_2a2067e8108b4ab99ec7d02e83b587d0","modified":1654352191567,"created":1654347644131,"url":"{{ _.base_url }}/admin/users/5ac3331e-149a-4bed-b54b-bd459feca875","name":"edit","description":"","method":"PUT","body":{"mimeType":"application/json","text":"{\n\t\"first_name\": \"Rafael\",\n\t\"last_name\": \"Maia\",\n\t\"email\": \"rafael@acl.com\",\n\t\"username\": \"rafael\",\n\t\"password\": \"123456\",\n\t\"password_confirmation\": \"123456\",\n\t\"roles\": [\n\t\t\"98674fd5-5a3c-452a-8aab-d5de12bea8ca\"\n\t]\n}"},"parameters":[],"headers":[{"name":"Content-Type","value":"application/json","id":"pair_83224ed930db46fd9e6ca5a0c4d7bced"}],"authentication":{"type":"bearer","token":"{{ _.token }}"},"metaSortKey":-1633720877616.5,"isPrivate":false,"settingStoreCookies":true,"settingSendCookies":true,"settingDisableRenderRequestBody":false,"settingEncodeUrl":true,"settingRebuildPath":true,"settingFollowRedirects":"global","_type":"request"},{"_id":"req_52f4480a383b4397bc256053e5f00f76","parentId":"fld_2a2067e8108b4ab99ec7d02e83b587d0","modified":1654352195648,"created":1654347690059,"url":"{{ _.base_url }}/admin/users/44d5352f-e817-4870-bab9-8f27cb04b524","name":"delete","description":"","method":"DELETE","body":{},"parameters":[],"headers":[],"authentication":{"type":"bearer","token":"{{ _.token }}"},"metaSortKey":-1633720877566.5,"isPrivate":false,"settingStoreCookies":true,"settingSendCookies":true,"settingDisableRenderRequestBody":false,"settingEncodeUrl":true,"settingRebuildPath":true,"settingFollowRedirects":"global","_type":"request"},{"_id":"req_7251eeffa0f1458d85a798e2d119aa35","parentId":"fld_ef3301a09f364e78bb470ee50d4c54e8","modified":1654353806173,"created":1654348979322,"url":"{{ _.base_url }}/users","name":"list","description":"","method":"GET","body":{},"parameters":[{"id":"pair_550e9a08955e43ee95caba17722b808b","name":"page","value":"1","description":""},{"id":"pair_2c6b867c931041118c617e5ab1aea790","name":"per_page","value":"10","description":""},{"id":"pair_194c3c676808451a9a77d52ce06419d0","name":"search","value":"","description":""}],"headers":[],"authentication":{"type":"bearer","token":"{{ _.token }}"},"metaSortKey":-1654348959786,"isPrivate":false,"settingStoreCookies":true,"settingSendCookies":true,"settingDisableRenderRequestBody":false,"settingEncodeUrl":true,"settingRebuildPath":true,"settingFollowRedirects":"global","_type":"request"},{"_id":"fld_ef3301a09f364e78bb470ee50d4c54e8","parentId":"wrk_ac19a4aed05f49bea8a9e801589a1d00","modified":1654348971862,"created":1654348968216,"name":"user","description":"","environment":{},"environmentPropertyOrder":null,"metaSortKey":-1654348959686,"_type":"request_group"},{"_id":"req_af1913f1396346108a0dc078ebefdfe4","parentId":"fld_ef3301a09f364e78bb470ee50d4c54e8","modified":1654353798171,"created":1654348979324,"url":"{{ _.base_url }}/users/84804b78-2633-404e-a8c3-76af340c6246","name":"get","description":"","method":"GET","body":{},"parameters":[],"headers":[],"authentication":{"type":"bearer","token":"{{ _.token }}"},"metaSortKey":-1654348959761,"isPrivate":false,"settingStoreCookies":true,"settingSendCookies":true,"settingDisableRenderRequestBody":false,"settingEncodeUrl":true,"settingRebuildPath":true,"settingFollowRedirects":"global","_type":"request"},{"_id":"req_7aa452097332495fafc095d1c11e9b25","parentId":"fld_ef3301a09f364e78bb470ee50d4c54e8","modified":1654353802966,"created":1654348979318,"url":"{{ _.base_url }}/users","name":"store","description":"","method":"POST","body":{"mimeType":"application/json","text":"{\n\t\"first_name\": \"Rafael\",\n\t\"last_name\": \"Maia\",\n\t\"email\": \"rafael.maia@acl.com\",\n\t\"username\": \"rafael.maia\",\n\t\"password\": \"123456\",\n\t\"password_confirmation\": \"123456\"\n}"},"parameters":[],"headers":[{"name":"Content-Type","value":"application/json","id":"pair_83224ed930db46fd9e6ca5a0c4d7bced"}],"authentication":{"type":"bearer","token":"{{ _.token }}"},"metaSortKey":-1654348959748.5,"isPrivate":false,"settingStoreCookies":true,"settingSendCookies":true,"settingDisableRenderRequestBody":false,"settingEncodeUrl":true,"settingRebuildPath":true,"settingFollowRedirects":"global","_type":"request"},{"_id":"req_76d526f4e3514d7895f58246234bda73","parentId":"fld_ef3301a09f364e78bb470ee50d4c54e8","modified":1654353793748,"created":1654348979326,"url":"{{ _.base_url }}/users/5ac3331e-149a-4bed-b54b-bd459feca875","name":"edit","description":"","method":"PUT","body":{"mimeType":"application/json","text":"{\n\t\"first_name\": \"Rafael\",\n\t\"last_name\": \"Maia\",\n\t\"email\": \"rafael@acl.com\",\n\t\"username\": \"rafael\",\n\t\"password\": \"123456\",\n\t\"password_confirmation\": \"123456\",\n\t\"roles\": [\n\t\t\"98674fd5-5a3c-452a-8aab-d5de12bea8ca\"\n\t]\n}"},"parameters":[],"headers":[{"name":"Content-Type","value":"application/json","id":"pair_83224ed930db46fd9e6ca5a0c4d7bced"}],"authentication":{"type":"bearer","token":"{{ _.token }}"},"metaSortKey":-1654348959742.25,"isPrivate":false,"settingStoreCookies":true,"settingSendCookies":true,"settingDisableRenderRequestBody":false,"settingEncodeUrl":true,"settingRebuildPath":true,"settingFollowRedirects":"global","_type":"request"},{"_id":"req_3e1caf2672c6421ba1767ad5e13d3ee1","parentId":"fld_ef3301a09f364e78bb470ee50d4c54e8","modified":1654353794778,"created":1654348979328,"url":"{{ _.base_url }}/users/44d5352f-e817-4870-bab9-8f27cb04b524","name":"delete","description":"","method":"DELETE","body":{},"parameters":[],"headers":[],"authentication":{"type":"bearer","token":"{{ _.token }}"},"metaSortKey":-1654348959739.125,"isPrivate":false,"settingStoreCookies":true,"settingSendCookies":true,"settingDisableRenderRequestBody":false,"settingEncodeUrl":true,"settingRebuildPath":true,"settingFollowRedirects":"global","_type":"request"},{"_id":"req_b6b08408449b46dfb8b7c2334464c6ee","parentId":"fld_ef3301a09f364e78bb470ee50d4c54e8","modified":1654353736987,"created":1654352082563,"url":"{{ _.base_url }}/login","name":"login","description":"","method":"POST","body":{"mimeType":"application/json","text":"{\n\t\"uid\": \"root\",\n\t\"password\": \"acl@2022\"\n}"},"parameters":[],"headers":[{"name":"Content-Type","value":"application/json","id":"pair_83224ed930db46fd9e6ca5a0c4d7bced"}],"authentication":{},"metaSortKey":-1654348959686,"isPrivate":false,"settingStoreCookies":true,"settingSendCookies":true,"settingDisableRenderRequestBody":false,"settingEncodeUrl":true,"settingRebuildPath":true,"settingFollowRedirects":"global","_type":"request"},{"_id":"req_f00b2eda997a477aba4562f43c88304a","parentId":"wrk_ac19a4aed05f49bea8a9e801589a1d00","modified":1654353179438,"created":1654353160341,"url":"{{ _.base_url }}/health","name":"health","description":"","method":"GET","body":{},"parameters":[{"id":"pair_550e9a08955e43ee95caba17722b808b","name":"page","value":"1","description":""},{"id":"pair_2c6b867c931041118c617e5ab1aea790","name":"per_page","value":"10","description":""},{"id":"pair_194c3c676808451a9a77d52ce06419d0","name":"search","value":"","description":""}],"headers":[],"authentication":{},"metaSortKey":-1654348959636,"isPrivate":false,"settingStoreCookies":true,"settingSendCookies":true,"settingDisableRenderRequestBody":false,"settingEncodeUrl":true,"settingRebuildPath":true,"settingFollowRedirects":"global","_type":"request"},{"_id":"env_d2d5e1685143bbfdd6b037239167c8381c0a417b","parentId":"wrk_ac19a4aed05f49bea8a9e801589a1d00","modified":1654352164661,"created":1633899467385,"name":"Base Environment","data":{"base_url":"http://127.0.0.1:3333","token":"{% response 'body', 'req_a9ebdd159fd14328bb1f932f90bfad42', 'b64::JC50b2tlbg==::46b', 'never', 60 %}"},"dataPropertyOrder":{"&":["base_url","token"]},"color":null,"isPrivate":false,"metaSortKey":1633899467385,"_type":"environment"},{"_id":"jar_d2d5e1685143bbfdd6b037239167c8381c0a417b","parentId":"wrk_ac19a4aed05f49bea8a9e801589a1d00","modified":1633899467387,"created":1633899467387,"name":"Default Jar","cookies":[],"_type":"cookie_jar"},{"_id":"spc_998ff92ddb2041c6a4e5fad2e8f6d291","parentId":"wrk_ac19a4aed05f49bea8a9e801589a1d00","modified":1633899467379,"created":1633899467379,"fileName":"base-acl-api","contents":"","contentType":"yaml","_type":"api_spec"},{"_id":"env_e0e328bf31624c839ed0641c49d9dd93","parentId":"env_d2d5e1685143bbfdd6b037239167c8381c0a417b","modified":1654353110961,"created":1633900841513,"name":"docker","data":{"base_url":"http://localhost:8080","token":"{% response 'body', 'req_b6b08408449b46dfb8b7c2334464c6ee', 'b64::JC50b2tlbg==::46b', 'never', 60 %}"},"dataPropertyOrder":{"&":["base_url","token"]},"color":"#1f7eea","isPrivate":false,"metaSortKey":1,"_type":"environment"},{"_id":"env_45e8a03966ca46f4993d96c17c6914e6","parentId":"env_d2d5e1685143bbfdd6b037239167c8381c0a417b","modified":1654353105972,"created":1633900927525,"name":"develop","data":{"base_url":"http://127.0.0.1:3333","token":"{% response 'body', 'req_b6b08408449b46dfb8b7c2334464c6ee', 'b64::JC50b2tlbg==::46b', 'never', 60 %}"},"dataPropertyOrder":{"&":["base_url","token"]},"color":"#5fdd72","isPrivate":false,"metaSortKey":1,"_type":"environment"}]}